{"status":1,"detail":"数据获取成功","data":[[{"date":"2013-09-05","dis_id":"1100","dis_name":"南京市","url":"http://www.tianqiyubao.com/local.php?dis_id=1100","weather":"4","wind":"东北风3-4级","weather_name":"阵雨","weather_pic":"styles/images/icon2/day/4.png","humidity":"","tem_min":"17","tem_max":"22","sunrise":"05:42","sunset":"18:24","pm":"33","air":"良","day_night":[{"date":"2013-09-05","dis_id":"1100","dis_name":"南京市","url":"http://www.tianqiyubao.com/local.php?dis_id=1100","weather":"4","wind":"东北风3-4级","weather_name":"阵雨","weather_pic":"styles/images/icon2/day/4.png","humidity":"","tem":"22"},{"date":"2013-09-05","dis_id":"1100","dis_name":"南京市","url":"http://www.tianqiyubao.com/local.php?dis_id=1100","weather":"22","wind":"东风3-4级","weather_name":"小雨-中雨","weather_pic":"styles/images/icon2/night/22.png","humidity":"","tem":"17"}]},{"date":"2013-09-06","dis_id":"1100","dis_name":"南京市","url":"http://www.tianqiyubao.com/local.php?dis_id=1100","weather":"4","wind":"东风3-4级","weather_name":"阵雨","weather_pic":"styles/images/icon2/day/4.png","humidity":"","tem_min":"19","tem_max":"21","sunrise":"05:42","sunset":"18:24","pm":"","air":"","day_night":[{"date":"2013-09-06","dis_id":"1100","dis_name":"南京市","url":"http://www.tianqiyubao.com/local.php?dis_id=1100","weather":"4","wind":"东风3-4级","weather_name":"阵雨","weather_pic":"styles/images/icon2/day/4.png","humidity":"","tem":"21"},{"date":"2013-09-06","dis_id":"1100","dis_name":"南京市","url":"http://www.tianqiyubao.com/local.php?dis_id=1100","weather":"4","wind":"东风3-4级","weather_name":"阵雨","weather_pic":"styles/images/icon2/night/4.png","humidity":"","tem":"19"}]},{"date":"2013-09-07","dis_id":"1100","dis_name":"南京市","url":"http://www.tianqiyubao.com/local.php?dis_id=1100","weather":"4","wind":"东风3-4级","weather_name":"阵雨","weather_pic":"styles/images/icon2/day/4.png","humidity":"","tem_min":"19","tem_max":"21","sunrise":"05:42","sunset":"18:24","pm":"","air":"","day_night":[{"date":"2013-09-07","dis_id":"1100","dis_name":"南京市","url":"http://www.tianqiyubao.com/local.php?dis_id=1100","weather":"4","wind":"东风3-4级","weather_name":"阵雨","weather_pic":"styles/images/icon2/day/4.png","humidity":"","tem":"21"},{"date":"2013-09-07","dis_id":"1100","dis_name":"南京市","url":"http://www.tianqiyubao.com/local.php?dis_id=1100","weather":"4","wind":"东风3-4级","weather_name":"阵雨","weather_pic":"styles/images/icon2/night/4.png","humidity":"","tem":"19"}]},{"date":"2013-09-08","dis_id":"1100","dis_name":"南京市","url":"http://www.tianqiyubao.com/local.php?dis_id=1100","weather":"4","wind":"东南风3-4级","weather_name":"阵雨","weather_pic":"styles/images/icon2/day/4.png","humidity":"","tem_min":"19","tem_max":"26","sunrise":"05:42","sunset":"18:24","pm":"","air":"","day_night":[{"date":"2013-09-08","dis_id":"1100","dis_name":"南京市","url":"http://www.tianqiyubao.com/local.php?dis_id=1100","weather":"4","wind":"东南风3-4级","weather_name":"阵雨","weather_pic":"styles/images/icon2/day/4.png","humidity":"","tem":"26"},{"date":"2013-09-08","dis_id":"1100","dis_name":"南京市","url":"http://www.tianqiyubao.com/local.php?dis_id=1100","weather":"3","wind":"东南风3-4级","weather_name":"阴","weather_pic":"styles/images/icon2/night/3.png","humidity":"","tem":"19"}]},{"date":"2013-09-09","dis_id":"1100","dis_name":"南京市","url":"http://www.tianqiyubao.com/local.php?dis_id=1100","weather":"4","wind":"东南风3-4级","weather_name":"阵雨","weather_pic":"styles/images/icon2/day/4.png","humidity":"","tem_min":"20","tem_max":"27","sunrise":"05:42","sunset":"18:24","pm":"","air":"","day_night":[{"date":"2013-09-09","dis_id":"1100","dis_name":"南京市","url":"http://www.tianqiyubao.com/local.php?dis_id=1100","weather":"4","wind":"东南风3-4级","weather_name":"阵雨","weather_pic":"styles/images/icon2/day/4.png","humidity":"","tem":"27"},{"date":"2013-09-09","dis_id":"1100","dis_name":"南京市","url":"http://www.tianqiyubao.com/local.php?dis_id=1100","weather":"9","wind":"西北风3-4级","weather_name":"中雨","weather_pic":"styles/images/icon2/night/9.png","humidity":"","tem":"20"}]},{"date":"2013-09-10","dis_id":"1100","dis_name":"南京市","url":"http://www.tianqiyubao.com/local.php?dis_id=1100","weather":"4","wind":"西北风4-5级","weather_name":"阵雨","weather_pic":"styles/images/icon2/day/4.png","humidity":"","tem_min":"20","tem_max":"26","sunrise":"05:42","sunset":"18:24","pm":"","air":"","day_night":[{"date":"2013-09-10","dis_id":"1100","dis_name":"南京市","url":"http://www.tianqiyubao.com/local.php?dis_id=1100","weather":"4","wind":"西北风4-5级","weather_name":"阵雨","weather_pic":"styles/images/icon2/day/4.png","humidity":"","tem":"26"},{"date":"2013-09-10","dis_id":"1100","dis_name":"南京市","url":"http://www.tianqiyubao.com/local.php?dis_id=1100","weather":"3","wind":"北风3-4级","weather_name":"阴","weather_pic":"styles/images/icon2/night/3.png","humidity":"","tem":"20"}]},{"date":"2013-09-11","dis_id":"1100","dis_name":"南京市","url":"http://www.tianqiyubao.com/local.php?dis_id=1100","weather":"2","wind":"东北风3-4级","weather_name":"多云","weather_pic":"styles/images/icon2/day/2.png","humidity":"","tem_min":"","tem_max":"27","sunrise":"05:42","sunset":"18:24","pm":"","air":"","day_night":[{"date":"2013-09-11","dis_id":"1100","dis_name":"南京市","url":"http://www.tianqiyubao.com/local.php?dis_id=1100","weather":"2","wind":"东北风3-4级","weather_name":"多云","weather_pic":"styles/images/icon2/day/2.png","humidity":"","tem":"27"},null]},{"date":"2013-09-12","dis_id":"1100","dis_name":"南京市","url":"http://www.tianqiyubao.com/local.php?dis_id=1100","weather":"10","wind":"东南偏东风2级","weather_name":"大雨","weather_pic":"styles/images/icon2/day/10.png","humidity":"","tem_min":"21","tem_max":"27","sunrise":"5:46 AM","sunset":"6:16 PM","pm":null,"air":null,"day_night":[{"date":"2013-09-12","dis_id":"1100","dis_name":"南京市","url":"http://www.tianqiyubao.com/local.php?dis_id=1100","weather":"10","wind":"东南偏东风2级","weather_name":"大雨","weather_pic":"styles/images/icon2/day/10.png","humidity":"","tem":"27"},{"date":"2013-09-12","dis_id":"1100","dis_name":"南京市","url":"http://www.tianqiyubao.com/local.php?dis_id=1100","weather":"5","wind":"南风1级","weather_name":"雷阵雨","weather_pic":"styles/images/icon2/night/5.png","humidity":"","tem":"21"}]},{"date":"2013-09-13","dis_id":"1100","dis_name":"南京市","url":"http://www.tianqiyubao.com/local.php?dis_id=1100","weather":"5","wind":"西南风1级","weather_name":"雷阵雨","weather_pic":"styles/images/icon2/day/5.png","humidity":"","tem_min":"21","tem_max":"29","sunrise":"5:47 AM","sunset":"6:14 PM","pm":null,"air":null,"day_night":[{"date":"2013-09-13","dis_id":"1100","dis_name":"南京市","url":"http://www.tianqiyubao.com/local.php?dis_id=1100","weather":"5","wind":"西南风1级","weather_name":"雷阵雨","weather_pic":"styles/images/icon2/day/5.png","humidity":"","tem":"29"},{"date":"2013-09-13","dis_id":"1100","dis_name":"南京市","url":"http://www.tianqiyubao.com/local.php?dis_id=1100","weather":"1","wind":"西南偏南风1级","weather_name":"晴","weather_pic":"styles/images/icon2/night/1.png","humidity":"","tem":"21"}]},{"date":"2013-09-14","dis_id":"1100","dis_name":"南京市","url":"http://www.tianqiyubao.com/local.php?dis_id=1100","weather":"1","wind":"南风1级","weather_name":"晴","weather_pic":"styles/images/icon2/day/1.png","humidity":"","tem_min":"23","tem_max":"32","sunrise":"5:48 AM","sunset":"6:13 PM","pm":null,"air":null,"day_night":[{"date":"2013-09-14","dis_id":"1100","dis_name":"南京市","url":"http://www.tianqiyubao.com/local.php?dis_id=1100","weather":"1","wind":"南风1级","weather_name":"晴","weather_pic":"styles/images/icon2/day/1.png","humidity":"","tem":"32"},{"date":"2013-09-14","dis_id":"1100","dis_name":"南京市","url":"http://www.tianqiyubao.com/local.php?dis_id=1100","weather":"1","wind":"西南偏南风1级","weather_name":"晴","weather_pic":"styles/images/icon2/night/1.png","humidity":"","tem":"23"}]},{"date":"2013-09-15","dis_id":"1100","dis_name":"南京市","url":"http://www.tianqiyubao.com/local.php?dis_id=1100","weather":"5","wind":"西南偏西风2级","weather_name":"雷阵雨","weather_pic":"styles/images/icon2/day/5.png","humidity":"","tem_min":"19","tem_max":"26","sunrise":"5:48 AM","sunset":"6:12 PM","pm":null,"air":null,"day_night":[{"date":"2013-09-15","dis_id":"1100","dis_name":"南京市","url":"http://www.tianqiyubao.com/local.php?dis_id=1100","weather":"5","wind":"西南偏西风2级","weather_name":"雷阵雨","weather_pic":"styles/images/icon2/day/5.png","humidity":"","tem":"26"},{"date":"2013-09-15","dis_id":"1100","dis_name":"南京市","url":"http://www.tianqiyubao.com/local.php?dis_id=1100","weather":"2","wind":"西北偏西风3级","weather_name":"多云","weather_pic":"styles/images/icon2/night/2.png","humidity":"","tem":"19"}]},{"date":"2013-09-16","dis_id":"1100","dis_name":"南京市","url":"http://www.tianqiyubao.com/local.php?dis_id=1100","weather":"1","wind":"东北偏北风2级","weather_name":"晴","weather_pic":"styles/images/icon2/day/1.png","humidity":"","tem_min":"16","tem_max":"31","sunrise":"5:49 AM","sunset":"6:10 PM","pm":null,"air":null,"day_night":[{"date":"2013-09-16","dis_id":"1100","dis_name":"南京市","url":"http://www.tianqiyubao.com/local.php?dis_id=1100","weather":"1","wind":"东北偏北风2级","weather_name":"晴","weather_pic":"styles/images/icon2/day/1.png","humidity":"","tem":"31"},{"date":"2013-09-16","dis_id":"1100","dis_name":"南京市","url":"http://www.tianqiyubao.com/local.php?dis_id=1100","weather":"1","wind":"东北偏北风2级","weather_name":"晴","weather_pic":"styles/images/icon2/night/1.png","humidity":"","tem":"16"}]},{"date":"2013-09-17","dis_id":"1100","dis_name":"南京市","url":"http://www.tianqiyubao.com/local.php?dis_id=1100","weather":"1","wind":"东北风2级","weather_name":"晴","weather_pic":"styles/images/icon2/day/1.png","humidity":"","tem_min":"14","tem_max":"29","sunrise":"5:49 AM","sunset":"6:09 PM","pm":null,"air":null,"day_night":[{"date":"2013-09-17","dis_id":"1100","dis_name":"南京市","url":"http://www.tianqiyubao.com/local.php?dis_id=1100","weather":"1","wind":"东北风2级","weather_name":"晴","weather_pic":"styles/images/icon2/day/1.png","humidity":"","tem":"29"},{"date":"2013-09-17","dis_id":"1100","dis_name":"南京市","url":"http://www.tianqiyubao.com/local.php?dis_id=1100","weather":"1","wind":"东北风2级","weather_name":"晴","weather_pic":"styles/images/icon2/night/1.png","humidity":"","tem":"14"}]},{"date":"2013-09-18","dis_id":"1100","dis_name":"南京市","url":"http://www.tianqiyubao.com/local.php?dis_id=1100","weather":"2","wind":"东南偏东风1级","weather_name":"多云","weather_pic":"styles/images/icon2/day/2.png","humidity":"","tem_min":"23","tem_max":"32","sunrise":"5:50 AM","sunset":"6:08 PM","pm":null,"air":null,"day_night":[{"date":"2013-09-18","dis_id":"1100","dis_name":"南京市","url":"http://www.tianqiyubao.com/local.php?dis_id=1100","weather":"2","wind":"东南偏东风1级","weather_name":"多云","weather_pic":"styles/images/icon2/day/2.png","humidity":"","tem":"32"},{"date":"2013-09-18","dis_id":"1100","dis_name":"南京市","url":"http://www.tianqiyubao.com/local.php?dis_id=1100","weather":"1","wind":"东风2级","weather_name":"晴","weather_pic":"styles/images/icon2/night/1.png","humidity":"","tem":"23"}]},{"date":"2013-09-19","dis_id":"1100","dis_name":"南京市","url":"http://www.tianqiyubao.com/local.php?dis_id=1100","weather":"1","wind":"东南偏东风2级","weather_name":"晴","weather_pic":"styles/images/icon2/day/1.png","humidity":"","tem_min":"21","tem_max":"29","sunrise":"5:51 AM","sunset":"6:06 PM","pm":null,"air":null,"day_night":[{"date":"2013-09-19","dis_id":"1100","dis_name":"南京市","url":"http://www.tianqiyubao.com/local.php?dis_id=1100","weather":"1","wind":"东南偏东风2级","weather_name":"晴","weather_pic":"styles/images/icon2/day/1.png","humidity":"","tem":"29"},{"date":"2013-09-19","dis_id":"1100","dis_name":"南京市","url":"http://www.tianqiyubao.com/local.php?dis_id=1100","weather":"1","wind":"东风2级","weather_name":"晴","weather_pic":"styles/images/icon2/night/1.png","humidity":"","tem":"21"}]}]],"update":"2013-09-05"}