{"status":1,"detail":"数据获取成功","data":[[{"date":"2013-09-05","dis_id":"1100","name":"过敏指数","low_des":"极易发","high_des":"尽量减少外出，外出必须采取防护措施。","dis_name":"南京市"},{"date":"2013-09-05","dis_id":"1100","name":"运动指数","low_des":"较不宜","high_des":"有降水，推荐您在室内进行休闲运动。","dis_name":"南京市"},{"date":"2013-09-05","dis_id":"1100","name":"洗车指数","low_des":"不宜","high_des":"有雨，雨水和泥水会弄脏爱车。","dis_name":"南京市"},{"date":"2013-09-05","dis_id":"1100","name":"化妆指数","low_des":"保湿","high_des":"请选用中性保湿型霜类化妆品。","dis_name":"南京市"},{"date":"2013-09-05","dis_id":"1100","name":"感冒指数","low_des":"易发","high_des":"大幅度降温，适当增加衣服。","dis_name":"南京市"},{"date":"2013-09-05","dis_id":"1100","name":"紫外线指数","low_des":"最弱","high_des":"辐射弱，涂擦SPF8-12防晒护肤品。","dis_name":"南京市"},{"date":"2013-09-05","dis_id":"1100","name":"旅游指数","low_des":"适宜","high_des":"细雨中游玩别有情调，但要记得带雨具。","dis_name":"南京市"},{"date":"2013-09-05","dis_id":"1100","name":"空气污染扩散指数","low_des":"良","high_des":"气象条件有利于空气污染物扩散。","dis_name":"南京市"},{"date":"2013-09-05","dis_id":"1100","name":"穿衣指数","low_des":"较舒适","high_des":"建议穿薄外套或牛仔裤等服装。","dis_name":"南京市"},{"date":"2013-09-05","dis_id":"1100","name":"逛街指数","low_des":"较适宜","high_des":"有降水，逛街需要带雨具。","dis_name":"南京市"},{"date":"2013-09-05","dis_id":"1100","name":"舒适度指数","low_des":"舒适","high_des":"白天不冷不热，风力不大。","dis_name":"南京市"},{"date":"2013-09-05","dis_id":"1100","name":"美发指数","low_des":"适宜","high_des":"风力较大容易弄脏头发，注意清洁。","dis_name":"南京市"},{"date":"2013-09-05","dis_id":"1100","name":"雨伞指数","low_des":"带伞","high_des":"有降水，短时间出行不必带伞。","dis_name":"南京市"},{"date":"2013-09-05","dis_id":"1100","name":"交通指数","low_des":"较好","high_des":"有降水且路面潮湿，不宜高速行驶。","dis_name":"南京市"},{"date":"2013-09-05","dis_id":"1100","name":"路况指数","low_des":"潮湿","high_des":"有降水，路面潮湿，请小心驾驶。","dis_name":"南京市"},{"date":"2013-09-05","dis_id":"1100","name":"晨练指数","low_des":"较不宜","high_des":"室外锻炼请携带雨具。","dis_name":"南京市"},{"date":"2013-09-05","dis_id":"1100","name":"钓鱼指数","low_des":"不宜","high_des":"天气不好，有风，不适合垂钓。","dis_name":"南京市"},{"date":"2013-09-05","dis_id":"1100","name":"划船指数","low_des":"不适宜","high_des":"天气不好，建议选择别的娱乐方式。","dis_name":"南京市"},{"date":"2013-09-05","dis_id":"1100","name":"约会指数","low_des":"较适宜","high_des":"做好防雨工作，仍可有一个愉快的约会。","dis_name":"南京市"},{"date":"2013-09-05","dis_id":"1100","name":"晾晒指数","low_des":"不太适宜","high_des":"降水可能会淋湿衣物，不适宜晾晒。","dis_name":"南京市"},{"date":"2013-09-05","dis_id":"1100","name":"防晒指数","low_des":"弱","high_des":"涂抹8-12SPF防晒护肤品。","dis_name":"南京市"}]],"update":"2013-09-05"}